crop_type,historical_price,season,location,demand,production_quantity,target_price
Banana,4200,Monsoon,Palghar,0.72,520,4450
Banana,4500,Monsoon,Palghar,0.80,500,4800
Banana,4700,Winter,Palghar,0.85,460,4950
Banana,3900,Summer,Palghar,0.60,650,4050
Banana,4400,Winter,Nashik,0.78,480,4650
Banana,4100,Summer,Nashik,0.65,600,4250
Banana,4600,Monsoon,Nashik,0.82,510,4900
Banana,4800,Winter,Nashik,0.90,430,5150
Tomato,2800,Monsoon,Nashik,0.75,420,3100
Tomato,3200,Winter,Nashik,0.88,350,3650
Tomato,2500,Summer,Nashik,0.55,600,2700
Tomato,3000,Monsoon,Nashik,0.82,390,3350
Tomato,3400,Winter,Palghar,0.90,320,3850
Tomato,2600,Summer,Palghar,0.58,560,2850
Tomato,3100,Monsoon,Palghar,0.76,410,3300
Tomato,3500,Winter,Palghar,0.92,300,4050
Onion,2200,Monsoon,Nashik,0.65,800,2350
Onion,2500,Winter,Nashik,0.78,700,2750
Onion,1900,Summer,Nashik,0.52,950,2050
Onion,2700,Winter,Palghar,0.82,680,2950
Onion,2300,Monsoon,Palghar,0.70,760,2500
Onion,2000,Summer,Palghar,0.55,900,2150
Potato,2400,Winter,Nashik,0.72,700,2600
Potato,2700,Monsoon,Nashik,0.80,620,2950
Potato,2100,Summer,Nashik,0.58,850,2250
Potato,2600,Winter,Palghar,0.76,650,2850
Potato,2300,Summer,Palghar,0.60,820,2450
Potato,2900,Monsoon,Palghar,0.85,580,3150
Mango,6000,Summer,Palghar,0.88,400,6800
Mango,6500,Summer,Palghar,0.92,350,7350
Mango,5500,Monsoon,Palghar,0.70,480,6000
Mango,6200,Summer,Nashik,0.85,420,6800
Mango,7000,Summer,Nashik,0.94,320,7900
Mango,5800,Monsoon,Nashik,0.68,500,6200
Cabbage,1800,Winter,Nashik,0.70,700,1950
Cabbage,2100,Monsoon,Nashik,0.78,600,2300
Cabbage,1600,Summer,Nashik,0.55,850,1750
Cabbage,2000,Winter,Palghar,0.74,650,2200
Cabbage,1750,Summer,Palghar,0.58,800,1900
Cabbage,2200,Monsoon,Palghar,0.82,570,2450
Cauliflower,2300,Winter,Nashik,0.76,550,2550
Cauliflower,2600,Monsoon,Nashik,0.82,480,2900
Cauliflower,1900,Summer,Nashik,0.58,700,2050
Cauliflower,2500,Winter,Palghar,0.80,500,2800
Cauliflower,2100,Summer,Palghar,0.62,650,2250
Cauliflower,2800,Monsoon,Palghar,0.86,430,3100
Grapes,5000,Winter,Nashik,0.80,550,5500
Grapes,5400,Winter,Nashik,0.86,500,6050
Grapes,4600,Monsoon,Nashik,0.68,650,4900
Grapes,5200,Winter,Palghar,0.78,560,5650
Grapes,4800,Monsoon,Palghar,0.70,620,5100
Grapes,5700,Winter,Palghar,0.90,450,6400